,Code,Month,Temperature
0,AFG,01,-1.0496066875
1,AFG,02,1.57955589475
2,AFG,03,7.712855209999999
3,AFG,04,13.63923915
4,AFG,05,19.31863585
5,AFG,06,23.75938785
6,AFG,07,25.9113779
7,AFG,08,24.18805225
8,AFG,09,20.0443638
9,AFG,10,13.695210624999998
10,AFG,11,6.564589669999999
11,AFG,12,0.9975889058
12,AGO,01,22.53912785
13,AGO,02,22.78264325
14,AGO,03,22.6229564
15,AGO,04,22.5124331
16,AGO,05,22.1730887
17,AGO,06,20.3636988
18,AGO,07,20.18365015
19,AGO,08,22.1369822
20,AGO,09,24.132932750000002
21,AGO,10,24.420461
22,AGO,11,23.19679915
23,AGO,12,22.5363575
24,AIA,01,25.091136249999998
25,AIA,02,24.8064819
26,AIA,03,24.87678985
27,AIA,04,25.369778450000002
28,AIA,05,26.21344755
29,AIA,06,27.042591750000003
30,AIA,07,27.29110705
31,AIA,08,27.567605550000003
32,AIA,09,27.6090576
33,AIA,10,27.33696285
34,AIA,11,26.616485649999998
35,AIA,12,25.794523500000004
36,ALB,01,3.411233795
37,ALB,02,5.1158323150000005
38,ALB,03,7.8398118299999995
39,ALB,04,11.72217405
40,ALB,05,15.860833350000002
41,ALB,06,20.162010000000002
42,ALB,07,22.95183285
43,ALB,08,22.92401475
44,ALB,09,18.590010200000002
45,ALB,10,13.8933572
46,ALB,11,9.378548145
47,ALB,12,5.0738877449999995
48,AND,01,-2.2567154068849997
49,AND,02,-1.5573852504999999
50,AND,03,0.780500798
51,AND,04,3.678665135
52,AND,05,7.90553737
53,AND,06,12.631849675
54,AND,07,15.44667355
55,AND,08,14.959597825
56,AND,09,11.2057372
57,AND,10,7.618798795000001
58,AND,11,1.364044184
59,AND,12,-1.220808414
60,ARE,01,18.51671695
61,ARE,02,20.3887933
62,ARE,03,23.956782150000002
63,ARE,04,28.73845475
64,ARE,05,33.1234581
65,ARE,06,35.146974
66,ARE,07,36.658015649999996
67,ARE,08,36.5440805
68,ARE,09,33.87853815
69,ARE,10,29.986908749999998
70,ARE,11,25.1513256
71,ARE,12,20.45276845
72,ARG,01,21.852306000000002
73,ARG,02,20.8114184
74,ARG,03,18.54460005
75,ARG,04,14.97106765
76,ARG,05,10.832411500000001
77,ARG,06,8.159567635
78,ARG,07,7.606272385
79,ARG,08,9.638726025
80,ARG,09,12.366123824999999
81,ARG,10,15.492172149999998
82,ARG,11,18.48065
83,ARG,12,20.7514796
84,ARM,01,-5.898978255
85,ARM,02,-3.7498427205
86,ARM,03,1.16427130785
87,ARM,04,6.508887035000001
88,ARM,05,11.29487615
89,ARM,06,16.0176166
90,ARM,07,18.514794849999998
91,ARM,08,18.66420235
92,ARM,09,14.643002849999998
93,ARM,10,8.711621130000001
94,ARM,11,1.9723867670000002
95,ARM,12,-3.2189465665
96,ASM,01,27.126683050000004
97,ASM,02,27.108435150000002
98,ASM,03,27.2772781
99,ASM,04,27.38257155
100,ASM,05,27.204756149999998
101,ASM,06,26.89141995
102,ASM,07,26.410150249999997
103,ASM,08,26.26653135
104,ASM,09,26.33884285
105,ASM,10,26.55561525
106,ASM,11,26.78777465
107,ASM,12,26.91376195
108,ATG,01,25.1823471
109,ATG,02,24.9195678
110,ATG,03,25.0361649
111,ATG,04,25.5265168
112,ATG,05,26.36403335
113,ATG,06,27.018373150000002
114,ATG,07,27.1911071
115,ATG,08,27.44133605
116,ATG,09,27.53171395
117,ATG,10,27.300537100000003
118,ATG,11,26.71043095
119,ATG,12,25.86249245
120,AUS,01,28.480785500000003
121,AUS,02,27.716532649999998
122,AUS,03,25.99032865
123,AUS,04,22.61013665
124,AUS,05,18.2111433
125,AUS,06,15.118382725
126,AUS,07,14.785972325
127,AUS,08,16.7921513
128,AUS,09,20.4051223
129,AUS,10,23.92523515
130,AUS,11,26.1291226
131,AUS,12,27.812854249999997
132,AUT,01,-2.4863971539999996
133,AUT,02,-0.9590712937999999
134,AUT,03,2.5743820435
135,AUT,04,7.266883780000001
136,AUT,05,11.2511276
137,AUT,06,15.656594675
138,AUT,07,17.3062874
139,AUT,08,16.57834915
140,AUT,09,12.492777499999999
141,AUT,10,7.974940479999999
142,AUT,11,2.743327147885
143,AUT,12,-1.41035392125
144,AZE,01,0.64528207
145,AZE,02,2.2187970122
146,AZE,03,6.406246325
147,AZE,04,11.431550595000001
148,AZE,05,16.9493637
149,AZE,06,22.25414615
150,AZE,07,24.6042661
151,AZE,08,24.322816
152,AZE,09,19.68636545
153,AZE,10,13.647988175
154,AZE,11,7.25047137
155,AZE,12,2.769236719
156,BDI,01,20.719934950000003
157,BDI,02,20.952627749999998
158,BDI,03,20.790815950000002
159,BDI,04,20.361169
160,BDI,05,20.5702015
161,BDI,06,20.50595215
162,BDI,07,20.71055665
163,BDI,08,21.70303855
164,BDI,09,22.08316045
165,BDI,10,21.5390319
166,BDI,11,20.4306177
167,BDI,12,20.3904665
168,BEL,01,3.299686303
169,BEL,02,3.9587233945
170,BEL,03,6.42358473
171,BEL,04,9.815578460000001
172,BEL,05,13.305222975000001
173,BEL,06,16.691533525
174,BEL,07,18.3512362
175,BEL,08,17.76178515
176,BEL,09,15.018999475000001
177,BEL,10,11.528540725000001
178,BEL,11,7.07179187
179,BEL,12,4.338394190000001
180,BEN,01,26.8920453
181,BEN,02,29.440847650000002
182,BEN,03,31.0792899
183,BEN,04,30.762705349999997
184,BEN,05,29.22145155
185,BEN,06,27.43715015
186,BEN,07,26.1337855
187,BEN,08,25.4789574
188,BEN,09,25.978784150000003
189,BEN,10,27.2039706
190,BEN,11,27.85537195
191,BEN,12,26.88372075
192,BFA,01,25.51084395
193,BFA,02,28.78338715
194,BFA,03,32.045660299999994
195,BFA,04,33.1980075
196,BFA,05,32.357268399999995
197,BFA,06,30.12389245
198,BFA,07,27.806116550000002
199,BFA,08,26.580738750000002
200,BFA,09,27.33775265
201,BFA,10,29.12559665
202,BFA,11,28.4284584
203,BFA,12,26.014610349999998
204,BGD,01,17.99347565
205,BGD,02,21.43282735
206,BGD,03,25.6986681
207,BGD,04,28.204417
208,BGD,05,28.690679
209,BGD,06,28.980368399999996
210,BGD,07,28.7791425
211,BGD,08,28.776372900000002
212,BGD,09,28.6330613
213,BGD,10,27.2553641
214,BGD,11,23.559908999999998
215,BGD,12,19.54322385
216,BGR,01,0.833425381
217,BGR,02,2.9189308234999998
218,BGR,03,6.4833403
219,BGR,04,11.2815892
220,BGR,05,15.935149049999998
221,BGR,06,20.15834555
222,BGR,07,22.6930696
223,BGR,08,22.80700495
224,BGR,09,18.09567405
225,BGR,10,12.275721375
226,BGR,11,7.28442733
227,BGR,12,2.76937451185
228,BHR,01,17.40392915
229,BHR,02,17.92337645
230,BHR,03,20.735090550000002
231,BHR,04,24.40669255
232,BHR,05,28.955244299999997
233,BHR,06,32.073256
234,BHR,07,33.50224015
235,BHR,08,33.9787384
236,BHR,09,32.815698
237,BHR,10,29.675244099999997
238,BHR,11,24.8544739
239,BHR,12,19.7889573
240,BHS,01,23.10568105
241,BHS,02,23.1657205
242,BHS,03,23.46102505
243,BHS,04,24.653773949999998
244,BHS,05,25.896935000000003
245,BHS,06,27.387273099999998
246,BHS,07,28.11153065
247,BHS,08,28.352026000000002
248,BHS,09,27.9520592
249,BHS,10,26.958497299999998
250,BHS,11,25.278236749999998
251,BHS,12,24.1676937
252,BIH,01,0.8565408225000001
253,BIH,02,2.553267847
254,BIH,03,5.82945503
255,BIH,04,10.492024685
256,BIH,05,14.594114575
257,BIH,06,18.8490918
258,BIH,07,21.03720145
259,BIH,08,20.7118398
260,BIH,09,16.043922549999998
261,BIH,10,11.350742649999999
262,BIH,11,6.603845725000001
263,BIH,12,2.344246815
264,BLR,01,-4.087894175000001
265,BLR,02,-3.217873239
266,BLR,03,1.3576732688
267,BLR,04,8.126701255
268,BLR,05,13.844338775
269,BLR,06,17.94138705
270,BLR,07,19.4510703
271,BLR,08,18.68626955
272,BLR,09,13.409735375
273,BLR,10,7.395591489999999
274,BLR,11,2.58036639535
275,BLR,12,-1.2698593207
276,BLZ,01,23.3024532
277,BLZ,02,24.1992257
278,BLZ,03,25.4118068
279,BLZ,04,27.09970515
280,BLZ,05,27.812293399999998
281,BLZ,06,27.47802655
282,BLZ,07,27.26626835
283,BLZ,08,27.3946166
284,BLZ,09,27.257707149999998
285,BLZ,10,26.171499649999998
286,BLZ,11,24.39563505
287,BLZ,12,23.71184245
288,BOL,01,21.96476225
289,BOL,02,21.59677515
290,BOL,03,21.4939683
291,BOL,04,20.7058291
292,BOL,05,18.570828
293,BOL,06,17.706079
294,BOL,07,17.7225265
295,BOL,08,19.36312015
296,BOL,09,21.30458895
297,BOL,10,22.2825863
298,BOL,11,22.403423699999998
299,BOL,12,22.246087600000003
300,BRA,01,25.5457433
301,BRA,02,25.47961245
302,BRA,03,25.38482525
303,BRA,04,25.0245888
304,BRA,05,24.21276525
305,BRA,06,23.79934025
306,BRA,07,23.8247549
307,BRA,08,24.995951650000002
308,BRA,09,26.166834899999998
309,BRA,10,26.41257785
310,BRA,11,25.953747449999998
311,BRA,12,25.73063935
312,BRN,01,26.012456099999998
313,BRN,02,26.15514015
314,BRN,03,26.4456325
315,BRN,04,26.928364499999997
316,BRN,05,27.198463399999998
317,BRN,06,26.975095950000004
318,BRN,07,26.77687585
319,BRN,08,26.8078164
320,BRN,09,26.678422599999998
321,BRN,10,26.471241099999997
322,BRN,11,26.41792805
323,BRN,12,26.2794362
324,BTN,01,0.379122619
325,BTN,02,2.1720265346
326,BTN,03,5.127426405
327,BTN,04,8.340392445
328,BTN,05,11.335094649999998
329,BTN,06,14.29133505
330,BTN,07,15.077015424999999
331,BTN,08,15.0376701
332,BTN,09,13.783635749999998
333,BTN,10,9.922387675
334,BTN,11,5.64412638
335,BTN,12,2.624259284
336,BWA,01,25.837699450000002
337,BWA,02,25.5765491
338,BWA,03,24.45439435
339,BWA,04,21.663077
340,BWA,05,18.510659699999998
341,BWA,06,15.375562075
342,BWA,07,14.9437795
343,BWA,08,18.42039195
344,BWA,09,22.94706535
345,BWA,10,26.063941899999996
346,BWA,11,26.47569085
347,BWA,12,26.26559015
348,CAF,01,26.7192426
349,CAF,02,28.56022355
350,CAF,03,28.92573255
351,CAF,04,28.088597850000003
352,CAF,05,26.7477957
353,CAF,06,25.3787867
354,CAF,07,24.4821587
355,CAF,08,24.21436835
356,CAF,09,24.51212725
357,CAF,10,24.969730300000002
358,CAF,11,25.8154683
359,CAF,12,26.16657025
360,CAN,01,-19.66617925
361,CAN,02,-19.5815002
362,CAN,03,-14.046976050000001
363,CAN,04,-5.48174561
364,CAN,05,3.3053844275000004
365,CAN,06,10.49146735
366,CAN,07,14.164291075
367,CAN,08,12.583860475
368,CAN,09,7.064260095
369,CAN,10,-0.4430900555
370,CAN,11,-10.039548120000001
371,CAN,12,-16.899836475
372,CHE,01,-3.3452297695
373,CHE,02,-2.0500905035
374,CHE,03,1.332977649
375,CHE,04,5.44503315
376,CHE,05,9.273436205
377,CHE,06,13.788487850000001
378,CHE,07,15.587225175
379,CHE,08,14.81179045
380,CHE,09,11.321389675
381,CHE,10,7.241345470000001
382,CHE,11,1.63875334675
383,CHE,12,-2.452842360175
384,CHL,01,13.591498050000002
385,CHL,02,13.523744525000001
386,CHL,03,12.15125555
387,CHL,04,9.722466149999999
388,CHL,05,7.11043706
389,CHL,06,5.052507115
390,CHL,07,4.5599430750000005
391,CHL,08,5.5923868599999995
392,CHL,09,7.189157435
393,CHL,10,8.9462418
394,CHL,11,10.766276874999999
395,CHL,12,12.491764675
396,CHN,01,-7.38399997
397,CHN,02,-3.9101443599999994
398,CHN,03,2.5728979192
399,CHN,04,8.8004582
400,CHN,05,13.9563584
401,CHN,06,18.19239705
402,CHN,07,20.4352832
403,CHN,08,19.4161113
404,CHN,09,15.07385995
405,CHN,10,8.12335678
406,CHN,11,0.528912017
407,CHN,12,-5.858341225
408,CIV,01,26.54568735
409,CIV,02,28.27715735
410,CIV,03,28.527155900000004
411,CIV,04,28.20578365
412,CIV,05,27.399073800000004
413,CIV,06,26.17609415
414,CIV,07,25.241935599999998
415,CIV,08,24.9002846
416,CIV,09,25.4293487
417,CIV,10,26.1539725
418,CIV,11,26.73068165
419,CIV,12,26.2706827
420,CMR,01,24.780574
421,CMR,02,26.37149655
422,CMR,03,27.07453105
423,CMR,04,26.5321411
424,CMR,05,25.59779355
425,CMR,06,24.43838785
426,CMR,07,23.60705805
427,CMR,08,23.364355449999998
428,CMR,09,23.6212782
429,CMR,10,24.10554485
430,CMR,11,24.57878325
431,CMR,12,24.3822163
432,COD,01,24.602948950000002
433,COD,02,25.12842035
434,COD,03,24.891664650000003
435,COD,04,24.5933132
436,COD,05,24.7259875
437,COD,06,24.31363065
438,COD,07,24.235834500000003
439,COD,08,24.5056216
440,COD,09,24.5579653
441,COD,10,24.30218535
442,COD,11,23.88509435
443,COD,12,24.059428
444,COG,01,25.400486649999998
445,COG,02,25.896744849999997
446,COG,03,26.0253595
447,COG,04,25.87026065
448,COG,05,25.5328427
449,COG,06,24.5329364
450,COG,07,23.959052
451,COG,08,24.207926750000002
452,COG,09,24.59634575
453,COG,10,24.81801945
454,COG,11,24.874770599999998
455,COG,12,25.04986755
456,COK,01,25.79484715
457,COK,02,26.1354859
458,COK,03,26.26243445
459,COK,04,25.7089386
460,COK,05,24.76637745
461,COK,06,23.75645905
462,COK,07,23.0732361
463,COK,08,22.62864075
464,COK,09,23.012866199999998
465,COK,10,23.35327155
466,COK,11,24.1876769
467,COK,12,25.07762905
468,COL,01,24.505471399999998
469,COL,02,24.9530324
470,COL,03,24.6657714
471,COL,04,24.334326400000002
472,COL,05,24.02583955
473,COL,06,23.631722149999998
474,COL,07,23.5368704
475,COL,08,23.8765086
476,COL,09,24.192676249999998
477,COL,10,24.2034876
478,COL,11,24.15182365
479,COL,12,24.225386
480,COM,01,26.243998299999998
481,COM,02,26.173641250000003
482,COM,03,26.330475999999997
483,COM,04,26.128197899999996
484,COM,05,25.30905465
485,COM,06,24.13677775
486,COM,07,23.3524684
487,COM,08,23.35323065
488,COM,09,23.90551225
489,COM,10,24.9380181
490,COM,11,25.920347550000002
491,COM,12,26.36108835
492,CPV,01,21.28855805
493,CPV,02,20.60559565
494,CPV,03,20.68662995
495,CPV,04,21.2088356
496,CPV,05,21.8579565
497,CPV,06,22.5539299
498,CPV,07,23.747991
499,CPV,08,25.04378565
500,CPV,09,25.64157745
501,CPV,10,25.3985144
502,CPV,11,24.231538699999998
503,CPV,12,22.6312304
504,CRI,01,22.396703600000002
505,CRI,02,22.715564
506,CRI,03,23.258811950000002
507,CRI,04,23.88992335
508,CRI,05,23.95856795
509,CRI,06,23.67650715
510,CRI,07,23.48350175
511,CRI,08,23.47109575
512,CRI,09,23.385445150000002
513,CRI,10,23.10743325
514,CRI,11,22.7403959
515,CRI,12,22.5693234
516,CUB,01,23.0366827
517,CUB,02,23.42782545
518,CUB,03,24.1313815
519,CUB,04,25.5216445
520,CUB,05,26.34018115
521,CUB,06,27.235330799999996
522,CUB,07,27.862089400000002
523,CUB,08,27.90679645
524,CUB,09,27.3935315
525,CUB,10,26.4136236
526,CUB,11,24.7711905
527,CUB,12,23.8331157
528,CYM,01,25.3889877
529,CYM,02,25.298181149999998
530,CYM,03,25.52083275
531,CYM,04,26.341653450000003
532,CYM,05,27.0651077
533,CYM,06,27.91475975
534,CYM,07,28.5055602
535,CYM,08,28.663406400000003
536,CYM,09,28.4704834
537,CYM,10,27.736474500000003
538,CYM,11,26.8216613
539,CYM,12,26.13094935
540,CYP,01,11.996003025
541,CYP,02,12.46786425
542,CYP,03,14.436889350000001
543,CYP,04,17.65651805
544,CYP,05,21.4805156
545,CYP,06,25.46959025
546,CYP,07,28.478099299999997
547,CYP,08,28.647528549999997
548,CYP,09,26.14409875
549,CYP,10,22.351016100000002
550,CYP,11,17.768371350000002
551,CYP,12,13.952775025
552,CZE,01,-0.7788194144999999
553,CZE,02,0.41101554050000005
554,CZE,03,3.8970462269999997
555,CZE,04,8.945330325
556,CZE,05,13.10773005
557,CZE,06,17.33433355
558,CZE,07,19.08044835
559,CZE,08,18.40204865
560,CZE,09,14.117558825
561,CZE,10,9.093187015
562,CZE,11,4.25226088
563,CZE,12,0.666171815
564,DEU,01,1.3114314889999998
565,DEU,02,2.0440789809999997
566,DEU,03,4.972102078000001
567,DEU,04,9.324034535
568,DEU,05,13.3105838
569,DEU,06,17.15714235
570,DEU,07,18.85748405
571,DEU,08,18.167179875
572,DEU,09,14.6068025
573,DEU,10,10.245734924999999
574,DEU,11,5.492617395
575,DEU,12,2.5660743305000002
576,DJI,01,23.3105933
577,DJI,02,24.2727424
578,DJI,03,26.28488835
579,DJI,04,28.4318394
580,DJI,05,31.2187575
581,DJI,06,33.701402
582,DJI,07,33.14771025
583,DJI,08,32.05219775
584,DJI,09,32.15539945
585,DJI,10,28.5069275
586,DJI,11,25.7431847
587,DJI,12,23.8843558
588,DNK,01,2.1818765945
589,DNK,02,2.0148260445
590,DNK,03,3.6932079279999996
591,DNK,04,7.363646045
592,DNK,05,11.559527724999999
593,DNK,06,15.046606375
594,DNK,07,17.135694
595,DNK,08,16.87864385
596,DNK,09,14.28815435
597,DNK,10,10.4078744
598,DNK,11,6.50066841
599,DNK,12,3.6106616099999997
600,DOM,01,22.637893249999998
601,DOM,02,22.830944350000003
602,DOM,03,23.313186100000003
603,DOM,04,24.15685895
604,DOM,05,24.886209299999997
605,DOM,06,25.7092193
606,DOM,07,25.977688699999998
607,DOM,08,26.070968649999998
608,DOM,09,25.82840085
609,DOM,10,25.2805735
610,DOM,11,24.197217849999998
611,DOM,12,23.2009991
612,DZA,01,12.336660725
613,DZA,02,15.178712325000001
614,DZA,03,19.5441402
615,DZA,04,24.5046697
616,DZA,05,28.9073354
617,DZA,06,32.915052
618,DZA,07,35.14219655
619,DZA,08,34.21666735
620,DZA,09,30.960742
621,DZA,10,25.3612022
622,DZA,11,18.3580624
623,DZA,12,13.560445175000002
624,ECU,01,21.407444849999997
625,ECU,02,21.571234699999998
626,ECU,03,21.567928950000002
627,ECU,04,21.54552995
628,ECU,05,21.23855595
629,ECU,06,20.496164049999997
630,ECU,07,20.1559975
631,ECU,08,20.34555675
632,ECU,09,20.7345077
633,ECU,10,20.979034
634,ECU,11,21.06659385
635,ECU,12,21.2682652
636,EGY,01,13.432378025
637,EGY,02,15.52895255
638,EGY,03,19.2936202
639,EGY,04,23.70553455
640,EGY,05,27.6311037
641,EGY,06,30.39803415
642,EGY,07,31.06643555
643,EGY,08,31.3543295
644,EGY,09,29.02653945
645,EGY,10,24.959731299999998
646,EGY,11,19.41080035
647,EGY,12,15.11923825
648,ERI,01,23.0799456
649,ERI,02,24.3099232
650,ERI,03,26.3947916
651,ERI,04,28.6888243
652,ERI,05,30.10955715
653,ERI,06,30.47975055
654,ERI,07,28.91041685
655,ERI,08,27.918468100000002
656,ERI,09,28.5671559
657,ERI,10,27.844414649999997
658,ERI,11,25.964749349999998
659,ERI,12,23.8775873
660,ESP,01,6.389652945
661,ESP,02,7.535803799999999
662,ESP,03,9.952556075
663,ESP,04,12.6852149
664,ESP,05,16.40699935
665,ESP,06,20.60623515
666,ESP,07,23.8050995
667,ESP,08,23.55193285
668,ESP,09,19.675648250000002
669,ESP,10,15.65092995
670,ESP,11,10.148222825000001
671,ESP,12,7.25322922
672,EST,01,-3.6960769049999995
673,EST,02,-3.861949123
674,EST,03,-0.487118245
675,EST,04,5.22509318
676,EST,05,11.267597425
677,EST,06,15.684671750000001
678,EST,07,18.1227298
679,EST,08,17.00398315
680,EST,09,12.63492585
681,EST,10,6.99764979
682,EST,11,2.8281896355000002
683,EST,12,-0.8171301255
684,ETH,01,23.10349435
685,ETH,02,24.4563843
686,ETH,03,25.30127675
687,ETH,04,24.9539956
688,ETH,05,24.4718464
689,ETH,06,24.044141500000002
690,ETH,07,22.88509805
691,ETH,08,22.90057095
692,ETH,09,23.651600600000002
693,ETH,10,23.174916250000003
694,ETH,11,22.646740299999998
695,ETH,12,22.6299603
696,FIN,01,-8.436743074999999
697,FIN,02,-8.154771705
698,FIN,03,-4.213977186999999
699,FIN,04,1.7290190795
700,FIN,05,8.405706455
701,FIN,06,13.65003705
702,FIN,07,16.324372500000003
703,FIN,08,14.4748985
704,FIN,09,9.471307125
705,FIN,10,3.1939451615
706,FIN,11,-1.4580180459999998
707,FIN,12,-5.242408385
708,FJI,01,25.88037515
709,FJI,02,25.9776477
710,FJI,03,25.7799135
711,FJI,04,25.41177995
712,FJI,05,24.38812385
713,FJI,06,23.67574185
714,FJI,07,22.9874874
715,FJI,08,22.98640495
716,FJI,09,23.6113657
717,FJI,10,24.17815775
718,FJI,11,24.894421549999997
719,FJI,12,25.45103465
720,FLK,01,10.39513455
721,FLK,02,10.2750471
722,FLK,03,9.306816525
723,FLK,04,7.251452039999999
724,FLK,05,5.48228407
725,FLK,06,3.7464529650000005
726,FLK,07,3.04204787
727,FLK,08,3.48017422
728,FLK,09,4.471997385
729,FLK,10,6.09558819
730,FLK,11,7.81974194
731,FLK,12,9.257504885
732,FRA,01,7.0806627849999995
733,FRA,02,7.75330097
734,FRA,03,10.1453591
735,FRA,04,12.8750013
736,FRA,05,15.7326493
737,FRA,06,19.10058355
738,FRA,07,20.847989300000002
739,FRA,08,20.4310082
740,FRA,09,17.937088499999998
741,FRA,10,14.846951025000001
742,FRA,11,10.58442385
743,FRA,12,7.842496735
744,FRO,01,4.70889279
745,FRO,02,4.58318814
746,FRO,03,4.723224034999999
747,FRO,04,5.634089625
748,FRO,05,7.114206315
749,FRO,06,9.22960945
750,FRO,07,10.663486774999999
751,FRO,08,10.95997015
752,FRO,09,10.1042203
753,FRO,10,8.224616535
754,FRO,11,6.370960215
755,FRO,12,5.026436485
756,GAB,01,25.390345
757,GAB,02,25.670110799999996
758,GAB,03,25.771511600000004
759,GAB,04,25.713946349999997
760,GAB,05,25.38443575
761,GAB,06,24.32003645
762,GAB,07,23.5729159
763,GAB,08,23.865776450000002
764,GAB,09,24.5909367
765,GAB,10,24.80038875
766,GAB,11,24.854163399999997
767,GAB,12,25.0595798
768,GBR,01,4.59231251
769,GBR,02,4.819749605
770,GBR,03,5.9670234749999995
771,GBR,04,8.122027395
772,GBR,05,11.011269
773,GBR,06,13.850207375
774,GBR,07,15.571913349999999
775,GBR,08,15.134202949999999
776,GBR,09,13.427437800000002
777,GBR,10,10.68571305
778,GBR,11,7.16683412
779,GBR,12,5.2101866375
780,GEO,01,-2.4635345365
781,GEO,02,-0.92268033975
782,GEO,03,2.6730461625
783,GEO,04,7.67731053
784,GEO,05,12.4236818
785,GEO,06,17.1172964
786,GEO,07,19.390299300000002
787,GEO,08,19.9222434
788,GEO,09,15.455256
789,GEO,10,9.87154628
790,GEO,11,3.8010896950000004
791,GEO,12,-0.5508665342000001
792,GHA,01,27.698088050000003
793,GHA,02,29.60521775
794,GHA,03,30.1014465
795,GHA,04,29.612496900000004
796,GHA,05,28.571097650000002
797,GHA,06,27.068761000000002
798,GHA,07,26.02148195
799,GHA,08,25.5812547
800,GHA,09,25.9782006
801,GHA,10,26.934493850000003
802,GHA,11,27.847243650000003
803,GHA,12,27.4946954
804,GIN,01,25.41162115
805,GIN,02,27.43704685
806,GIN,03,28.827693149999998
807,GIN,04,29.027930249999997
808,GIN,05,27.782501000000003
809,GIN,06,25.8527346
810,GIN,07,24.64208975
811,GIN,08,24.25809985
812,GIN,09,24.67754195
813,GIN,10,25.378062449999998
814,GIN,11,25.670147200000002
815,GIN,12,25.1582624
816,GMB,01,25.220148799999997
817,GMB,02,26.8873469
818,GMB,03,28.581280900000003
819,GMB,04,29.466098249999998
820,GMB,05,29.7778186
821,GMB,06,29.7401342
822,GMB,07,28.2890167
823,GMB,08,27.418968749999998
824,GMB,09,27.614068550000002
825,GMB,10,28.6934917
826,GMB,11,27.93250125
827,GMB,12,25.69264885
828,GNB,01,25.895817949999998
829,GNB,02,27.5303849
830,GNB,03,28.89859035
831,GNB,04,29.549295649999998
832,GNB,05,29.81112675
833,GNB,06,28.748833
834,GNB,07,26.9799031
835,GNB,08,26.4531359
836,GNB,09,26.790462650000002
837,GNB,10,27.6636755
838,GNB,11,27.463381
839,GNB,12,25.993388649999996
840,GNQ,01,24.54076625
841,GNQ,02,24.89936505
842,GNQ,03,24.95365645
843,GNQ,04,24.888100299999998
844,GNQ,05,24.649886799999997
845,GNQ,06,23.840419699999998
846,GNQ,07,23.11167275
847,GNQ,08,23.13482555
848,GNQ,09,23.5700025
849,GNQ,10,23.823236299999998
850,GNQ,11,24.080615599999998
851,GNQ,12,24.3569895
852,GRC,01,6.361177135
853,GRC,02,7.571425305
854,GRC,03,9.864300275
855,GRC,04,13.459050200000002
856,GRC,05,17.8029893
857,GRC,06,22.2878598
858,GRC,07,25.13327635
859,GRC,08,25.15572095
860,GRC,09,21.0549435
861,GRC,10,16.19416415
862,GRC,11,11.9284824
863,GRC,12,8.02252903
864,GRL,01,-27.110290400000004
865,GRL,02,-27.2187749
866,GRL,03,-26.71148315
867,GRL,04,-20.76671895
868,GRL,05,-13.5851317
869,GRL,06,-6.506571205
870,GRL,07,-3.7361065850000004
871,GRL,08,-6.334254485000001
872,GRL,09,-13.192168225
873,GRL,10,-19.56261925
874,GRL,11,-23.7244039
875,GRL,12,-26.2736499
876,GTM,01,20.998481
877,GTM,02,21.962221500000002
878,GTM,03,23.3880542
879,GTM,04,25.09819065
880,GTM,05,25.4656332
881,GTM,06,24.49163815
882,GTM,07,24.221579
883,GTM,08,24.2875656
884,GTM,09,24.02338805
885,GTM,10,23.251351449999998
886,GTM,11,21.8902656
887,GTM,12,21.2656117
888,GUY,01,24.667595600000002
889,GUY,02,24.7421231
890,GUY,03,25.33692805
891,GUY,04,25.5678448
892,GUY,05,25.20867025
893,GUY,06,25.00508005
894,GUY,07,24.973694950000002
895,GUY,08,25.593359
896,GUY,09,26.426601249999997
897,GUY,10,26.682838500000003
898,GUY,11,26.145676450000003
899,GUY,12,25.1075486
900,HKG,01,15.983748575000002
901,HKG,02,17.3474416
902,HKG,03,19.83961565
903,HKG,04,22.944988549999998
904,HKG,05,26.148871250000003
905,HKG,06,28.07622045
906,HKG,07,28.87734655
907,HKG,08,28.513564050000003
908,HKG,09,27.975928900000003
909,HKG,10,25.493059249999998
910,HKG,11,21.9151939
911,HKG,12,17.250117850000002
912,HMD,01,2.96183929
913,HMD,02,3.4337280399999996
914,HMD,03,3.3304031449999996
915,HMD,04,2.7784698600000004
916,HMD,05,1.87819367
917,HMD,06,1.162416077
918,HMD,07,0.67343139875
919,HMD,08,0.27453918785
920,HMD,09,0.1908935552
921,HMD,10,0.5134277349999999
922,HMD,11,1.3325012104999998
923,HMD,12,2.31796112
924,HND,01,21.7639636
925,HND,02,22.5344333
926,HND,03,23.723083550000002
927,HND,04,25.30746275
928,HND,05,25.542187000000002
929,HND,06,24.8269326
930,HND,07,24.6201054
931,HND,08,24.701024
932,HND,09,24.611533650000002
933,HND,10,23.77563
934,HND,11,22.50536545
935,HND,12,21.987784650000002
936,HRV,01,2.480407986
937,HRV,02,4.0919031619999995
938,HRV,03,7.64793149
939,HRV,04,12.303267375
940,HRV,05,16.435334325
941,HRV,06,20.95235045
942,HRV,07,23.1137819
943,HRV,08,22.41904845
944,HRV,09,17.6579364
945,HRV,10,12.781752175
946,HRV,11,7.977384430000001
947,HRV,12,3.7628662999999998
948,HTI,01,23.51953005
949,HTI,02,23.71003115
950,HTI,03,24.1047178
951,HTI,04,24.8456203
952,HTI,05,25.5840114
953,HTI,06,26.4787824
954,HTI,07,26.903280549999998
955,HTI,08,26.908138
956,HTI,09,26.480462449999997
957,HTI,10,25.85485865
958,HTI,11,24.84631165
959,HTI,12,24.04403725
960,HUN,01,0.60754005115
961,HUN,02,2.59613835
962,HUN,03,6.793946364999999
963,HUN,04,12.289485899999999
964,HUN,05,16.61443935
965,HUN,06,20.94105265
966,HUN,07,22.802918650000002
967,HUN,08,22.17180515
968,HUN,09,17.2632554
969,HUN,10,11.6302284
970,HUN,11,6.300601485
971,HUN,12,1.9118525552499999
972,IDN,01,25.28320175
973,IDN,02,25.3588229
974,IDN,03,25.464951250000002
975,IDN,04,25.62814935
976,IDN,05,25.7431172
977,IDN,06,25.32322095
978,IDN,07,25.01150225
979,IDN,08,25.06371525
980,IDN,09,25.321314899999997
981,IDN,10,25.5782744
982,IDN,11,25.541452200000002
983,IDN,12,25.40962545
984,IMN,01,7.126487725
985,IMN,02,6.66195066
986,IMN,03,6.8459305
987,IMN,04,8.145852715
988,IMN,05,10.30895535
989,IMN,06,12.6546035
990,IMN,07,14.35175175
991,IMN,08,14.9055939
992,IMN,09,14.27917485
993,IMN,10,12.57875975
994,IMN,11,9.9273255
995,IMN,12,8.176554975
996,IND,01,16.932055350000002
997,IND,02,20.1270137
998,IND,03,24.324207949999998
999,IND,04,28.14555845
1000,IND,05,29.956979699999998
1001,IND,06,29.0434283
1002,IND,07,27.1174205
1003,IND,08,26.61253745
1004,IND,09,26.34517515
1005,IND,10,24.803314399999998
1006,IND,11,21.121427750000002
1007,IND,12,17.76103955
1008,IRL,01,5.70180113
1009,IRL,02,5.9023709250000005
1010,IRL,03,6.649179600000001
1011,IRL,04,8.634534605
1012,IRL,05,11.221863525
1013,IRL,06,13.780690150000002
1014,IRL,07,15.1065322
1015,IRL,08,14.739044150000002
1016,IRL,09,13.341300624999999
1017,IRL,10,10.940411725
1018,IRL,11,7.788795980000001
1019,IRL,12,6.2544481325
1020,IRN,01,5.787600250500001
1021,IRN,02,8.468654725
1022,IRN,03,13.684922599999998
1023,IRN,04,18.932111575
1024,IRN,05,24.407169099999997
1025,IRN,06,29.1663251
1026,IRN,07,30.82315085
1027,IRN,08,29.29762655
1028,IRN,09,25.731126699999997
1029,IRN,10,19.8997953
1030,IRN,11,12.516890049999999
1031,IRN,12,7.605069315
1032,IRQ,01,9.70605885
1033,IRQ,02,12.40064435
1034,IRQ,03,17.2002873
1035,IRQ,04,22.87287035
1036,IRQ,05,28.84471955
1037,IRQ,06,33.834385600000005
1038,IRQ,07,36.14681825
1039,IRQ,08,35.9415582
1040,IRQ,09,31.816127549999997
1041,IRQ,10,25.363993
1042,IRQ,11,16.588508400000002
1043,IRQ,12,11.460494825000001
1044,ISL,01,-2.657208057
1045,ISL,02,-2.4847780335
1046,ISL,03,-2.123420869175
1047,ISL,04,0.13792782730000003
1048,ISL,05,3.2307051244999996
1049,ISL,06,7.276958609999999
1050,ISL,07,9.02137519
1051,ISL,08,8.276676795
1052,ISL,09,5.5827985
1053,ISL,10,1.6183169414999998
1054,ISL,11,-1.0726814055
1055,ISL,12,-3.057830167
1056,ISR,01,12.073293825
1057,ISR,02,13.394096325000001
1058,ISR,03,16.12816115
1059,ISR,04,19.730436599999997
1060,ISR,05,23.3611647
1061,ISR,06,26.144648749999998
1062,ISR,07,27.9467426
1063,ISR,08,28.2354893
1064,ISR,09,26.511775399999998
1065,ISR,10,23.24693735
1066,ISR,11,18.304078949999997
1067,ISR,12,14.04763255
1068,ITA,01,4.70731314
1069,ITA,02,5.68452061
1070,ITA,03,8.33389983
1071,ITA,04,11.87750715
1072,ITA,05,15.85938735
1073,ITA,06,20.47920785
1074,ITA,07,23.1807766
1075,ITA,08,22.76801055
1076,ITA,09,18.86637385
1077,ITA,10,14.604194799999998
1078,ITA,11,9.79846986
1079,ITA,12,5.789524675
1080,JAM,01,24.476382100000002
1081,JAM,02,24.443201600000002
1082,JAM,03,24.8268781
1083,JAM,04,25.59209105
1084,JAM,05,26.27992895
1085,JAM,06,27.0000006
1086,JAM,07,27.534206899999997
1087,JAM,08,27.506971049999997
1088,JAM,09,27.220517100000002
1089,JAM,10,26.473742249999997
1090,JAM,11,25.71184245
1091,JAM,12,25.0687604
1092,JOR,01,8.938158575
1093,JOR,02,11.028253525
1094,JOR,03,14.729789400000001
1095,JOR,04,19.46739745
1096,JOR,05,23.86387775
1097,JOR,06,27.375807199999997
1098,JOR,07,29.19623795
1099,JOR,08,29.279664250000003
1100,JOR,09,26.7254584
1101,JOR,10,22.043212500000003
1102,JOR,11,15.33734665
1103,JOR,12,10.673552175000001
1104,JPN,01,0.6978863790000001
1105,JPN,02,1.5647686018
1106,JPN,03,5.275442005
1107,JPN,04,10.34370785
1108,JPN,05,15.340095
1109,JPN,06,19.23876455
1110,JPN,07,23.18041865
1111,JPN,08,24.48642585
1112,JPN,09,20.99262255
1113,JPN,10,15.051416825
1114,JPN,11,9.040999315
1115,JPN,12,3.088530633
1116,KAZ,01,-11.28951155
1117,KAZ,02,-9.436555219999999
1118,KAZ,03,-0.46480908000000004
1119,KAZ,04,10.061343125
1120,KAZ,05,17.20180095
1121,KAZ,06,22.6518917
1122,KAZ,07,24.33807495
1123,KAZ,08,22.4580064
1124,KAZ,09,15.4565711
1125,KAZ,10,7.361463775
1126,KAZ,11,-1.4041136379999999
1127,KAZ,12,-8.112131905
1128,KEN,01,26.1303272
1129,KEN,02,26.9447659
1130,KEN,03,27.09660095
1131,KEN,04,26.098950600000002
1132,KEN,05,25.55055655
1133,KEN,06,24.7839453
1134,KEN,07,24.0723862
1135,KEN,08,24.309086200000003
1136,KEN,09,25.1651274
1137,KEN,10,25.7256507
1138,KEN,11,25.118989199999998
1139,KEN,12,25.4820064
1140,KGZ,01,-12.784943199999999
1141,KGZ,02,-9.854526745
1142,KGZ,03,-3.4809275650000004
1143,KGZ,04,2.080516032
1144,KGZ,05,6.709414484999999
1145,KGZ,06,10.523539725000001
1146,KGZ,07,12.99764765
1147,KGZ,08,12.130878724999999
1148,KGZ,09,7.9170959
1149,KGZ,10,0.629471672
1150,KGZ,11,-6.517335685000001
1151,KGZ,12,-11.56257535
1152,KHM,01,26.276386000000002
1153,KHM,02,27.76961045
1154,KHM,03,29.132182949999997
1155,KHM,04,29.49866025
1156,KHM,05,28.8211662
1157,KHM,06,28.199088699999997
1158,KHM,07,27.47485775
1159,KHM,08,27.495135299999998
1160,KHM,09,27.02039825
1161,KHM,10,26.892242349999997
1162,KHM,11,26.8548182
1163,KHM,12,26.001935100000004
1164,KIR,01,25.911839250000003
1165,KIR,02,25.98773195
1166,KIR,03,26.2199539
1167,KIR,04,26.5749542
1168,KIR,05,26.89069355
1169,KIR,06,27.0084122
1170,KIR,07,26.8666931
1171,KIR,08,26.627957150000004
1172,KIR,09,26.511987299999998
1173,KIR,10,26.4126464
1174,KIR,11,26.341094950000002
1175,KIR,12,26.1439377
1176,KOR,01,-0.982369226
1177,KOR,02,1.4387128405
1178,KOR,03,6.535527114999999
1179,KOR,04,12.2207893
1180,KOR,05,17.5404287
1181,KOR,06,21.72322
1182,KOR,07,24.83098895
1183,KOR,08,25.51350575
1184,KOR,09,20.92044675
1185,KOR,10,14.665957975000001
1186,KOR,11,7.88562385
1187,KOR,12,0.5984672182999999
1188,KWT,01,12.9313661
1189,KWT,02,15.586120224999998
1190,KWT,03,20.466291899999998
1191,KWT,04,26.28270005
1192,KWT,05,32.6639872
1193,KWT,06,37.17986145
1194,KWT,07,38.7105636
1195,KWT,08,38.24400765
1196,KWT,09,34.630927400000004
1197,KWT,10,28.5734694
1198,KWT,11,20.17366595
1199,KWT,12,14.67631585
1200,LAO,01,18.96783535
1201,LAO,02,21.09226125
1202,LAO,03,23.57115235
1203,LAO,04,25.38734085
1204,LAO,05,25.85304795
1205,LAO,06,25.87398295
1206,LAO,07,25.2829465
1207,LAO,08,25.00230205
1208,LAO,09,24.874282299999997
1209,LAO,10,23.77446405
1210,LAO,11,22.006160700000002
1211,LAO,12,19.1995238
1212,LBN,01,6.87270751
1213,LBN,02,7.8729580299999995
1214,LBN,03,10.552067015
1215,LBN,04,14.3034292
1216,LBN,05,18.3209987
1217,LBN,06,22.04784855
1218,LBN,07,24.44259275
1219,LBN,08,24.72330905
1220,LBN,09,22.50865565
1221,LBN,10,18.574150850000002
1222,LBN,11,13.214595424999999
1223,LBN,12,9.207733865
1224,LBR,01,25.83543505
1225,LBR,02,26.48494025
1226,LBR,03,26.38657725
1227,LBR,04,26.207714650000003
1228,LBR,05,25.76967715
1229,LBR,06,24.89034715
1230,LBR,07,24.2420056
1231,LBR,08,24.07396675
1232,LBR,09,24.5202424
1233,LBR,10,25.04557115
1234,LBR,11,25.3884616
1235,LBR,12,25.3876927
1236,LBY,01,12.1997789
1237,LBY,02,14.431352025
1238,LBY,03,18.75845275
1239,LBY,04,23.7947934
1240,LBY,05,27.59264975
1241,LBY,06,30.4215525
1242,LBY,07,30.74092135
1243,LBY,08,30.87888565
1244,LBY,09,28.880807249999997
1245,LBY,10,24.09599
1246,LBY,11,18.21699665
1247,LBY,12,13.40540305
1248,LKA,01,24.81111405
1249,LKA,02,25.55325545
1250,LKA,03,26.760935699999997
1251,LKA,04,27.49344425
1252,LKA,05,27.980888750000002
1253,LKA,06,28.01658905
1254,LKA,07,27.808867600000003
1255,LKA,08,27.5935877
1256,LKA,09,27.311513150000003
1257,LKA,10,26.49656845
1258,LKA,11,25.519746
1259,LKA,12,25.07557665
1260,LSO,01,17.02769415
1261,LSO,02,16.46420755
1262,LSO,03,14.748318649999998
1263,LSO,04,11.073401950000001
1264,LSO,05,7.934767099999999
1265,LSO,06,4.6385290150000005
1266,LSO,07,4.418677895
1267,LSO,08,7.066380535
1268,LSO,09,11.586265399999998
1269,LSO,10,13.6038263
1270,LSO,11,15.007626199999999
1271,LSO,12,16.48153005
1272,LTU,01,-3.0643735965000003
1273,LTU,02,-2.3968445975000003
1274,LTU,03,1.3999810785
1275,LTU,04,7.282292239999999
1276,LTU,05,12.768342075
1277,LTU,06,16.72650205
1278,LTU,07,18.621186950000002
1279,LTU,08,17.854667900000003
1280,LTU,09,13.3276833
1281,LTU,10,7.64599446
1282,LTU,11,3.396474645
1283,LTU,12,-0.32703903449999994
1284,LUX,01,1.8900519369999997
1285,LUX,02,2.685102124
1286,LUX,03,5.58857691
1287,LUX,04,9.438783359999999
1288,LUX,05,13.09313225
1289,LUX,06,16.820108425
1290,LUX,07,18.448502249999997
1291,LUX,08,17.656748049999997
1292,LUX,09,14.39889355
1293,LUX,10,10.42577065
1294,LUX,11,5.799654145
1295,LUX,12,2.95160848
1296,LVA,01,-3.5434593649999995
1297,LVA,02,-3.2526007829999997
1298,LVA,03,0.5024514370000001
1299,LVA,04,6.37902243
1300,LVA,05,12.044016625000001
1301,LVA,06,16.18921195
1302,LVA,07,18.25862965
1303,LVA,08,17.30255785
1304,LVA,09,12.832037750000001
1305,LVA,10,7.150491415
1306,LVA,11,2.9937611659999996
1307,LVA,12,-0.66907816
1308,MAR,01,10.323868749999999
1309,MAR,02,11.8996994
1310,MAR,03,14.722864849999999
1311,MAR,04,17.712034199999998
1312,MAR,05,21.0654937
1313,MAR,06,24.42528695
1314,MAR,07,28.309258
1315,MAR,08,27.973600249999997
1316,MAR,09,23.832977149999998
1317,MAR,10,20.259415949999998
1318,MAR,11,14.873722175000001
1319,MAR,12,11.423870075
1320,MDA,01,-1.4031616645
1321,MDA,02,0.3682533145
1322,MDA,03,5.000703162500001
1323,MDA,04,11.240150975
1324,MDA,05,16.7777298
1325,MDA,06,21.1714101
1326,MDA,07,23.1333748
1327,MDA,08,22.830749349999998
1328,MDA,09,17.441313925
1329,MDA,10,10.919003615
1330,MDA,11,5.44249585
1331,MDA,12,0.84380469
1332,MDG,01,24.6595463
1333,MDG,02,24.660526049999998
1334,MDG,03,24.49420355
1335,MDG,04,23.74508515
1336,MDG,05,21.85954195
1337,MDG,06,20.08354675
1338,MDG,07,19.35086925
1339,MDG,08,20.3030702
1340,MDG,09,21.8823129
1341,MDG,10,23.688056550000002
1342,MDG,11,24.69568865
1343,MDG,12,25.0911947
1344,MEX,01,15.341559225000001
1345,MEX,02,17.031786450000002
1346,MEX,03,19.4617568
1347,MEX,04,22.1981489
1348,MEX,05,24.22411685
1349,MEX,06,25.5260558
1350,MEX,07,25.05006415
1351,MEX,08,24.972980200000002
1352,MEX,09,23.8054918
1353,MEX,10,21.7216116
1354,MEX,11,18.373528150000002
1355,MEX,12,15.905827350000001
1356,MKD,01,0.5919418248
1357,MKD,02,2.975781295
1358,MKD,03,6.2375525949999995
1359,MKD,04,10.8572743
1360,MKD,05,15.30942945
1361,MKD,06,19.6783589
1362,MKD,07,22.4671462
1363,MKD,08,22.3694906
1364,MKD,09,17.534333
1365,MKD,10,12.0407482
1366,MKD,11,6.867166385
1367,MKD,12,2.4002009121
1368,MLI,01,21.00637915
1369,MLI,02,24.233333899999998
1370,MLI,03,28.248821850000002
1371,MLI,04,31.78191345
1372,MLI,05,34.03674155
1373,MLI,06,34.32661445
1374,MLI,07,32.87880245
1375,MLI,08,31.4951235
1376,MLI,09,31.61039785
1377,MLI,10,30.366013149999997
1378,MLI,11,26.103922349999998
1379,MLI,12,22.0864419
1380,MMR,01,18.855353450000003
1381,MMR,02,21.0616597
1382,MMR,03,24.342319800000002
1383,MMR,04,26.708140450000002
1384,MMR,05,26.70989485
1385,MMR,06,25.993549100000003
1386,MMR,07,25.69483845
1387,MMR,08,25.54156735
1388,MMR,09,25.4740584
1389,MMR,10,24.5518876
1390,MMR,11,22.29162735
1391,MMR,12,19.59192015
1392,MNE,01,0.36066503564999997
1393,MNE,02,2.0715256225000003
1394,MNE,03,4.881696075
1395,MNE,04,9.063956495000001
1396,MNE,05,13.347082175
1397,MNE,06,17.664906225000003
1398,MNE,07,20.16880705
1399,MNE,08,20.1241329
1400,MNE,09,15.587103725
1401,MNE,10,10.957261975
1402,MNE,11,6.420932945
1403,MNE,12,2.129158574
1404,MNG,01,-19.0737223
1405,MNG,02,-14.9286536
1406,MNG,03,-4.800746595
1407,MNG,04,4.513980335
1408,MNG,05,11.44629125
1409,MNG,06,17.7695631
1410,MNG,07,20.0952622
1411,MNG,08,17.80462545
1412,MNG,09,11.226107225
1413,MNG,10,1.95492769375
1414,MNG,11,-8.765240735
1415,MNG,12,-17.079167849999997
1416,MOZ,01,25.790883400000002
1417,MOZ,02,25.859169350000002
1418,MOZ,03,25.34838985
1419,MOZ,04,24.07644015
1420,MOZ,05,22.366471150000002
1421,MOZ,06,20.7153866
1422,MOZ,07,20.15833125
1423,MOZ,08,21.7909002
1424,MOZ,09,24.12539875
1425,MOZ,10,25.88836835
1426,MOZ,11,26.93463785
1427,MOZ,12,26.64186565
1428,MRT,01,19.0391103
1429,MRT,02,21.533613449999997
1430,MRT,03,25.16461745
1431,MRT,04,28.70983435
1432,MRT,05,31.625550850000003
1433,MRT,06,33.51221655
1434,MRT,07,34.272400149999996
1435,MRT,08,33.425681600000004
1436,MRT,09,32.42392285
1437,MRT,10,30.053018450000003
1438,MRT,11,24.70355515
1439,MRT,12,20.3827882
1440,MUS,01,26.04432675
1441,MUS,02,26.14448115
1442,MUS,03,25.90707165
1443,MUS,04,25.146614800000002
1444,MUS,05,23.59064575
1445,MUS,06,22.19690275
1446,MUS,07,21.2977704
1447,MUS,08,21.18136245
1448,MUS,09,21.59375345
1449,MUS,10,22.7508882
1450,MUS,11,24.09704645
1451,MUS,12,25.42403375
1452,MWI,01,23.316714049999998
1453,MWI,02,23.3920211
1454,MWI,03,23.05840205
1455,MWI,04,22.2127139
1456,MWI,05,20.7600942
1457,MWI,06,18.96878305
1458,MWI,07,18.3304406
1459,MWI,08,20.1687231
1460,MWI,09,22.7448261
1461,MWI,10,24.9135251
1462,MWI,11,25.5561823
1463,MWI,12,24.3380913
1464,MYS,01,25.07694085
1465,MYS,02,25.42965815
1466,MYS,03,25.8595306
1467,MYS,04,26.236390649999997
1468,MYS,05,26.408019200000002
1469,MYS,06,26.130864100000004
1470,MYS,07,25.960740549999997
1471,MYS,08,25.89131045
1472,MYS,09,25.77997155
1473,MYS,10,25.675780299999996
1474,MYS,11,25.42973525
1475,MYS,12,25.24713055
1476,NAM,01,24.94733105
1477,NAM,02,24.65728505
1478,NAM,03,23.89034995
1479,NAM,04,22.0587498
1480,NAM,05,19.37745
1481,NAM,06,16.050579250000002
1482,NAM,07,15.84592275
1483,NAM,08,18.0771394
1484,NAM,09,21.69988775
1485,NAM,10,24.27324895
1486,NAM,11,24.8809902
1487,NAM,12,25.12975095
1488,NCL,01,25.34325785
1489,NCL,02,25.5995833
1490,NCL,03,25.0491302
1491,NCL,04,23.78758635
1492,NCL,05,21.75375905
1493,NCL,06,20.5748003
1494,NCL,07,19.6417009
1495,NCL,08,19.5696148
1496,NCL,09,20.607716099999998
1497,NCL,10,22.0035576
1498,NCL,11,23.3810922
1499,NCL,12,24.70614415
1500,NER,01,18.6630985
1501,NER,02,22.19805815
1502,NER,03,26.911107500000004
1503,NER,04,31.11303075
1504,NER,05,33.5964162
1505,NER,06,33.87981135
1506,NER,07,32.53255705
1507,NER,08,31.32683055
1508,NER,09,31.41386105
1509,NER,10,29.1728073
1510,NER,11,24.1466202
1511,NER,12,19.6122086
1512,NGA,01,25.371121199999997
1513,NGA,02,27.940546
1514,NGA,03,30.1209285
1515,NGA,04,30.6474227
1516,NGA,05,29.545797900000004
1517,NGA,06,27.71768525
1518,NGA,07,26.14522945
1519,NGA,08,25.355430300000002
1520,NGA,09,25.9199387
1521,NGA,10,26.898787750000004
1522,NGA,11,26.7848024
1523,NGA,12,25.40856875
1524,NIC,01,24.3177144
1525,NIC,02,24.76741575
1526,NIC,03,25.679706700000004
1527,NIC,04,26.88555735
1528,NIC,05,26.90022005
1529,NIC,06,26.098943650000002
1530,NIC,07,25.91135595
1531,NIC,08,25.992135100000002
1532,NIC,09,25.90128125
1533,NIC,10,25.516041949999998
1534,NIC,11,24.91865575
1535,NIC,12,24.56904195
1536,NLD,01,3.9252364424999997
1537,NLD,02,4.183405834
1538,NLD,03,6.32165218
1539,NLD,04,9.71124808
1540,NLD,05,13.334284199999999
1541,NLD,06,16.53283045
1542,NLD,07,18.30992655
1543,NLD,08,17.88731065
1544,NLD,09,15.3441432
1545,NLD,10,11.82210005
1546,NLD,11,7.598902355
1547,NLD,12,4.994425325
1548,NOR,01,-6.806406765
1549,NOR,02,-6.677296235
1550,NOR,03,-5.09363064
1551,NOR,04,-0.9702775085
1552,NOR,05,4.257867365
1553,NOR,06,8.923732099999999
1554,NOR,07,11.50792015
1555,NOR,08,10.336741275
1556,NOR,09,6.896000755
1557,NOR,10,1.6767695024999998
1558,NOR,11,-2.5897619255
1559,NOR,12,-5.625898145
1560,NPL,01,4.016035305
1561,NPL,02,6.51586293
1562,NPL,03,10.493574575
1563,NPL,04,14.618341175000001
1564,NPL,05,17.036088749999998
1565,NPL,06,19.5068743
1566,NPL,07,19.82730805
1567,NPL,08,19.69665325
1568,NPL,09,18.521171799999998
1569,NPL,10,14.558368250000001
1570,NPL,11,10.0390596
1571,NPL,12,6.175047315
1572,NZL,01,15.45870955
1573,NZL,02,15.46372485
1574,NZL,03,13.8361961
1575,NZL,04,11.453828699999999
1576,NZL,05,8.870053315
1577,NZL,06,6.5078504
1578,NZL,07,5.92162048
1579,NZL,08,6.737795475
1580,NZL,09,8.316549929999999
1581,NZL,10,9.846869875
1582,NZL,11,11.9282283
1583,NZL,12,14.2524836
1584,OMN,01,19.92187965
1585,OMN,02,21.90294665
1586,OMN,03,25.503235150000002
1587,OMN,04,29.720205900000003
1588,OMN,05,32.91368685
1589,OMN,06,34.3598949
1590,OMN,07,33.626396750000005
1591,OMN,08,32.70366875
1592,OMN,09,31.30661165
1593,OMN,10,28.68519445
1594,OMN,11,25.08953445
1595,OMN,12,21.3515794
1596,OWID_KOS,01,0.29707864175000004
1597,OWID_KOS,02,2.659797147
1598,OWID_KOS,03,5.971520679999999
1599,OWID_KOS,04,10.61648611
1600,OWID_KOS,05,14.915725725000001
1601,OWID_KOS,06,19.2751854
1602,OWID_KOS,07,21.87507985
1603,OWID_KOS,08,21.724001100000002
1604,OWID_KOS,09,16.8058334
1605,OWID_KOS,10,11.334911925
1606,OWID_KOS,11,6.2046791
1607,OWID_KOS,12,1.9457409130000003
1608,OWID_WRL,01,12.6484156
1609,OWID_WRL,02,12.9077158
1610,OWID_WRL,03,13.639635575
1611,OWID_WRL,04,14.562779424999999
1612,OWID_WRL,05,15.466963125000001
1613,OWID_WRL,06,16.16665225
1614,OWID_WRL,07,16.44779735
1615,OWID_WRL,08,16.32496225
1616,OWID_WRL,09,15.70136285
1617,OWID_WRL,10,14.736272775
1618,OWID_WRL,11,13.62701385
1619,OWID_WRL,12,12.9115224
1620,PAK,01,8.65903165
1621,PAK,02,12.262270875
1622,PAK,03,17.45137145
1623,PAK,04,22.774048999999998
1624,PAK,05,27.28847695
1625,PAK,06,29.3081117
1626,PAK,07,29.21985325
1627,PAK,08,27.99775755
1628,PAK,09,26.144377300000002
1629,PAK,10,21.70683775
1630,PAK,11,15.379124749999999
1631,PAK,12,10.11014215
1632,PAN,01,24.8521226
1633,PAN,02,25.084055749999997
1634,PAN,03,25.40667965
1635,PAN,04,25.6627688
1636,PAN,05,25.5838332
1637,PAN,06,25.427357800000003
1638,PAN,07,25.32459875
1639,PAN,08,25.24015065
1640,PAN,09,25.17936815
1641,PAN,10,24.9002567
1642,PAN,11,24.62346295
1643,PAN,12,24.8229699
1644,PER,01,19.521833949999998
1645,PER,02,19.5248399
1646,PER,03,19.425409
1647,PER,04,19.1990357
1648,PER,05,18.65811775
1649,PER,06,18.1043001
1650,PER,07,17.9227411
1651,PER,08,18.486993599999998
1652,PER,09,19.1091037
1653,PER,10,19.41334985
1654,PER,11,19.5946536
1655,PER,12,19.4999967
1656,PHL,01,24.79788765
1657,PHL,02,25.08482145
1658,PHL,03,25.8918105
1659,PHL,04,26.8694347
1660,PHL,05,27.289153199999998
1661,PHL,06,26.9456789
1662,PHL,07,26.517195550000004
1663,PHL,08,26.5412695
1664,PHL,09,26.4390117
1665,PHL,10,26.230264999999996
1666,PHL,11,26.0427914
1667,PHL,12,25.46859915
1668,PNG,01,24.1999405
1669,PNG,02,24.14569305
1670,PNG,03,24.023880650000002
1671,PNG,04,23.9535539
1672,PNG,05,23.80300485
1673,PNG,06,23.3147809
1674,PNG,07,22.8810303
1675,PNG,08,22.8869205
1676,PNG,09,23.22850845
1677,PNG,10,23.7177336
1678,PNG,11,24.0755335
1679,PNG,12,24.27544
1680,POL,01,-0.9786763144999998
1681,POL,02,0.14070759875
1682,POL,03,3.5632421210000005
1683,POL,04,8.97407413
1684,POL,05,13.678612574999999
1685,POL,06,17.72493805
1686,POL,07,19.5126212
1687,POL,08,18.90816345
1688,POL,09,14.499254250000002
1689,POL,10,9.26374607
1690,POL,11,4.6639017250000006
1691,POL,12,1.03494382
1692,PRI,01,23.944992
1693,PRI,02,23.8937272
1694,PRI,03,24.11800265
1695,PRI,04,24.75309385
1696,PRI,05,25.62922855
1697,PRI,06,26.561467800000003
1698,PRI,07,26.84036865
1699,PRI,08,26.911489749999998
1700,PRI,09,26.716543100000003
1701,PRI,10,26.32248095
1702,PRI,11,25.42300005
1703,PRI,12,24.60881175
1704,PRK,01,-9.341257785
1705,PRK,02,-6.045521195
1706,PRK,03,0.7544885435
1707,PRK,04,7.946575285
1708,PRK,05,14.0181522
1709,PRK,06,18.48817245
1710,PRK,07,21.892240649999998
1711,PRK,08,21.9234547
1712,PRK,09,16.832266100000002
1713,PRK,10,9.632686
1714,PRK,11,1.298473599
1715,PRK,12,-7.493375005
1716,PRT,01,8.89565954
1717,PRT,02,9.902539684999999
1718,PRT,03,11.889230225
1719,PRT,04,14.12123515
1720,PRT,05,17.117006975000002
1721,PRT,06,20.1136319
1722,PRT,07,22.449822750000003
1723,PRT,08,22.7415135
1724,PRT,09,20.3544436
1725,PRT,10,17.1342074
1726,PRT,11,12.2382125
1727,PRT,12,9.772036925
1728,PRY,01,28.2211702
1729,PRY,02,27.62390745
1730,PRY,03,26.572452249999998
1731,PRY,04,24.2441755
1732,PRY,05,20.347366450000003
1733,PRY,06,19.22216065
1734,PRY,07,19.12031895
1735,PRY,08,21.26206095
1736,PRY,09,23.586764199999998
1737,PRY,10,25.79882495
1738,PRY,11,26.609994899999997
1739,PRY,12,27.863906050000004
1740,PSE,01,12.04546055
1741,PSE,02,13.1718248
1742,PSE,03,15.757837649999999
1743,PSE,04,19.3986938
1744,PSE,05,23.1979966
1745,PSE,06,26.174027000000002
1746,PSE,07,28.157814600000002
1747,PSE,08,28.449609
1748,PSE,09,26.78171235
1749,PSE,10,23.5371215
1750,PSE,11,18.339500649999998
1751,PSE,12,14.023858899999999
1752,PYF,01,25.97350105
1753,PYF,02,26.2459962
1754,PYF,03,26.4924397
1755,PYF,04,26.374268999999998
1756,PYF,05,25.8978335
1757,PYF,06,25.27747395
1758,PYF,07,24.69521735
1759,PYF,08,24.3018184
1760,PYF,09,24.34746615
1761,PYF,10,24.6578756
1762,PYF,11,25.2687806
1763,PYF,12,25.7808959
1764,QAT,01,17.5554315
1765,QAT,02,18.98744005
1766,QAT,03,22.68185535
1767,QAT,04,27.43247865
1768,QAT,05,32.67402955
1769,QAT,06,35.038019150000004
1770,QAT,07,36.3973814
1771,QAT,08,36.2427214
1772,QAT,09,33.895590850000005
1773,QAT,10,29.994354800000004
1774,QAT,11,24.73967965
1775,QAT,12,19.53680545
1776,ROU,01,-1.12068395505
1777,ROU,02,0.9113673760000001
1778,ROU,03,5.123156055
1779,ROU,04,10.631677195
1780,ROU,05,15.4278778
1781,ROU,06,19.589401799999997
1782,ROU,07,21.578110000000002
1783,ROU,08,21.4686928
1784,ROU,09,16.50771125
1785,ROU,10,10.56457545
1786,ROU,11,5.39512279
1787,ROU,12,0.8232243945000001
1788,RUS,01,-22.5635806
1789,RUS,02,-20.3570749
1790,RUS,03,-11.87315935
1791,RUS,04,-2.6473641619999997
1792,RUS,05,5.8157949250000005
1793,RUS,06,13.614944474999998
1794,RUS,07,16.3518202
1795,RUS,08,13.792363624999998
1796,RUS,09,7.127817105
1797,RUS,10,-2.029247647
1798,RUS,11,-13.143801875
1799,RUS,12,-19.994777
1800,RWA,01,19.7815625
1801,RWA,02,20.03602495
1802,RWA,03,19.7769425
1803,RWA,04,19.4028944
1804,RWA,05,19.648393849999998
1805,RWA,06,19.77551445
1806,RWA,07,20.0683973
1807,RWA,08,20.40792705
1808,RWA,09,20.05863155
1809,RWA,10,19.734998049999998
1810,RWA,11,19.11253085
1811,RWA,12,19.32023585
1812,SAU,01,15.4842614
1813,SAU,02,18.1082212
1814,SAU,03,22.38110355
1815,SAU,04,26.7992023
1816,SAU,05,31.491496
1817,SAU,06,34.3842197
1818,SAU,07,35.4829699
1819,SAU,08,35.3527267
1820,SAU,09,32.6596543
1821,SAU,10,27.573866
1822,SAU,11,21.515488949999998
1823,SAU,12,16.724558
1824,SDN,01,20.4680806
1825,SDN,02,23.03986045
1826,SDN,03,26.56734135
1827,SDN,04,29.850752949999997
1828,SDN,05,31.8687056
1829,SDN,06,32.2132346
1830,SDN,07,30.827018350000003
1831,SDN,08,30.057572299999997
1832,SDN,09,30.219797399999997
1833,SDN,10,28.8901679
1834,SDN,11,25.02401285
1835,SDN,12,21.62742375
1836,SEN,01,25.47146055
1837,SEN,02,27.461276299999998
1838,SEN,03,29.83924595
1839,SEN,04,31.51543855
1840,SEN,05,32.0306493
1841,SEN,06,31.137485249999997
1842,SEN,07,29.250267150000003
1843,SEN,08,28.234622350000002
1844,SEN,09,28.3254905
1845,SEN,10,29.5833016
1846,SEN,11,28.2776571
1847,SEN,12,25.927391699999998
1848,SGS,01,2.033760685
1849,SGS,02,2.367454875
1850,SGS,03,1.8937300425
1851,SGS,04,0.46373908032438005
1852,SGS,05,-1.3622588665
1853,SGS,06,-2.616310495
1854,SGS,07,-3.608341225
1855,SGS,08,-3.4635586950000006
1856,SGS,09,-2.1598613605
1857,SGS,10,-0.9125436027699999
1858,SGS,11,0.3618478095
1859,SGS,12,1.3157593002
1860,SHN,01,22.72072605
1861,SHN,02,23.8592162
1862,SHN,03,24.22005165
1863,SHN,04,23.72759095
1864,SHN,05,22.67389675
1865,SHN,06,21.35079485
1866,SHN,07,20.2652281
1867,SHN,08,19.53049625
1868,SHN,09,19.29011225
1869,SHN,10,19.397216800000002
1870,SHN,11,19.964239499999998
1871,SHN,12,21.14071505
1872,SLB,01,26.750095249999998
1873,SLB,02,26.6013134
1874,SLB,03,26.583488499999998
1875,SLB,04,26.5523276
1876,SLB,05,26.440770500000003
1877,SLB,06,26.16003045
1878,SLB,07,25.857965749999998
1879,SLB,08,25.724003849999995
1880,SLB,09,25.932568099999997
1881,SLB,10,26.1656235
1882,SLB,11,26.446521699999998
1883,SLB,12,26.6744536
1884,SLE,01,26.65355895
1885,SLE,02,27.820657699999998
1886,SLE,03,28.13313155
1887,SLE,04,27.671050400000002
1888,SLE,05,26.499354699999998
1889,SLE,06,25.20751945
1890,SLE,07,24.3810022
1891,SLE,08,24.15596575
1892,SLE,09,24.619751200000003
1893,SLE,10,25.2034159
1894,SLE,11,25.55004555
1895,SLE,12,25.9183003
1896,SLV,01,25.76512795
1897,SLV,02,26.41586
1898,SLV,03,27.242852149999997
1899,SLV,04,27.731390850000004
1900,SLV,05,27.06215925
1901,SLV,06,26.139435300000002
1902,SLV,07,26.854863849999997
1903,SLV,08,26.4838793
1904,SLV,09,25.8395258
1905,SLV,10,25.463771649999998
1906,SLV,11,25.3682363
1907,SLV,12,25.5958762
1908,SOM,01,25.0675001
1909,SOM,02,25.8721791
1910,SOM,03,27.2679949
1911,SOM,04,27.7433579
1912,SOM,05,27.7549201
1913,SOM,06,27.8536946
1914,SOM,07,27.1428773
1915,SOM,08,27.394978350000002
1916,SOM,09,27.8237457
1917,SOM,10,26.5931773
1918,SOM,11,25.54629645
1919,SOM,12,25.2247456
1920,SRB,01,0.47510462855
1921,SRB,02,2.709311726
1922,SRB,03,6.618499054999999
1923,SRB,04,11.70329485
1924,SRB,05,16.04153875
1925,SRB,06,20.1527547
1926,SRB,07,22.29847895
1927,SRB,08,22.02903795
1928,SRB,09,17.24720975
1929,SRB,10,11.73632125
1930,SRB,11,6.660284675
1931,SRB,12,2.1188114825
1932,SSD,01,29.00715525
1933,SSD,02,30.73642845
1934,SSD,03,31.508761800000002
1935,SSD,04,30.7035483
1936,SSD,05,28.96679155
1937,SSD,06,27.241412500000003
1938,SSD,07,25.870731999999997
1939,SSD,08,25.5450743
1940,SSD,09,26.07012635
1941,SSD,10,26.82744865
1942,SSD,11,27.9751743
1943,SSD,12,28.623305800000004
1944,STP,01,26.4358139
1945,STP,02,26.96868895
1946,STP,03,27.3172685
1947,STP,04,27.210745300000003
1948,STP,05,26.40480505
1949,STP,06,24.7585099
1950,STP,07,23.82055065
1951,STP,08,24.034451400000002
1952,STP,09,24.7676514
1953,STP,10,25.425
1954,STP,11,25.7723449
1955,STP,12,26.063420100000002
1956,SUR,01,25.2528931
1957,SUR,02,25.2071774
1958,SUR,03,25.7310797
1959,SUR,04,25.7518835
1960,SUR,05,25.568288000000003
1961,SUR,06,25.5508456
1962,SUR,07,25.57626595
1963,SUR,08,26.270214700000004
1964,SUR,09,27.2666527
1965,SUR,10,27.69992835
1966,SUR,11,27.124396150000003
1967,SUR,12,25.77349005
1968,SVK,01,-1.6579222064999999
1969,SVK,02,0.166981269
1970,SVK,03,4.07800601
1971,SVK,04,9.523606215
1972,SVK,05,13.7833796
1973,SVK,06,18.0478627
1974,SVK,07,19.7455366
1975,SVK,08,19.1698882
1976,SVK,09,14.536756375
1977,SVK,10,9.130323964999999
1978,SVK,11,4.2686616299999995
1979,SVK,12,-0.11701342049999999
1980,SVN,01,0.5968313215000001
1981,SVN,02,2.1403910355
1982,SVN,03,5.78690019
1983,SVN,04,10.529205475000001
1984,SVN,05,14.57034195
1985,SVN,06,19.02568745
1986,SVN,07,20.864271350000003
1987,SVN,08,20.05664905
1988,SVN,09,15.568433350000001
1989,SVN,10,10.934723250000001
1990,SVN,11,5.983620255
1991,SVN,12,1.6011007708
1992,SWE,01,-5.880560395
1993,SWE,02,-5.4927812075
1994,SWE,03,-2.3244311395
1995,SWE,04,2.6614956249999997
1996,SWE,05,8.234794130000001
1997,SWE,06,13.068872149999999
1998,SWE,07,15.4746174
1999,SWE,08,13.883481575
2000,SWE,09,9.7256266
2001,SWE,10,4.0902904300000005
2002,SWE,11,-0.6166703485
2003,SWE,12,-4.0624088364999995
2004,SWZ,01,23.22977465
2005,SWZ,02,23.4067916
2006,SWZ,03,22.45935765
2007,SWZ,04,19.961191
2008,SWZ,05,17.8665542
2009,SWZ,06,15.603706475000001
2010,SWZ,07,15.4270396
2011,SWZ,08,17.228468275
2012,SWZ,09,19.462911249999998
2013,SWZ,10,20.1600724
2014,SWZ,11,21.50991465
2015,SWZ,12,22.7096407
2016,SYC,01,26.6145798
2017,SYC,02,27.21547165
2018,SYC,03,27.551210049999998
2019,SYC,04,27.701816400000002
2020,SYC,05,27.411404249999997
2021,SYC,06,26.30817675
2022,SYC,07,25.3577643
2023,SYC,08,25.376061099999998
2024,SYC,09,25.8768861
2025,SYC,10,26.385358250000003
2026,SYC,11,26.6047727
2027,SYC,12,26.51083615
2028,SYR,01,7.543254355
2029,SYR,02,9.77324181
2030,SYR,03,13.651138900000001
2031,SYR,04,18.66590585
2032,SYR,05,23.6336335
2033,SYR,06,28.18721215
2034,SYR,07,30.75495385
2035,SYR,08,30.62792025
2036,SYR,09,27.1106414
2037,SYR,10,21.520509699999998
2038,SYR,11,14.058830875000002
2039,SYR,12,9.2777078
2040,TCD,01,20.7573012
2041,TCD,02,23.8809439
2042,TCD,03,27.849477
2043,TCD,04,31.052428650000003
2044,TCD,05,32.37405255
2045,TCD,06,31.98570105
2046,TCD,07,30.3133379
2047,TCD,08,29.0820493
2048,TCD,09,29.451768649999998
2049,TCD,10,28.344811449999998
2050,TCD,11,24.8458848
2051,TCD,12,21.4310114
2052,TGO,01,27.299455549999998
2053,TGO,02,29.294633049999998
2054,TGO,03,29.795284450000004
2055,TGO,04,29.06259055
2056,TGO,05,27.94592645
2057,TGO,06,26.51469745
2058,TGO,07,25.48926815
2059,TGO,08,25.02065795
2060,TGO,09,25.4406759
2061,TGO,10,26.4092338
2062,TGO,11,27.39810135
2063,TGO,12,27.087667449999998
2064,THA,01,23.62543495
2065,THA,02,25.5639286
2066,THA,03,27.6272769
2067,THA,04,28.888809099999996
2068,THA,05,28.463056
2069,THA,06,27.95393985
2070,THA,07,27.33670385
2071,THA,08,27.101119949999998
2072,THA,09,26.894935850000003
2073,THA,10,26.419372950000003
2074,THA,11,25.5010828
2075,THA,12,23.6408931
2076,TJK,01,-13.047270274999999
2077,TJK,02,-10.12944901
2078,TJK,03,-4.48745645
2079,TJK,04,0.2520156885
2080,TJK,05,5.38275072
2081,TJK,06,9.97715379
2082,TJK,07,13.627211299999999
2083,TJK,08,13.036212525
2084,TJK,09,8.775863789999999
2085,TJK,10,0.41969648290000006
2086,TJK,11,-7.147173100000001
2087,TJK,12,-11.98276895
2088,TKM,01,2.2932615079999996
2089,TKM,02,4.6441109535
2090,TKM,03,11.434097025
2091,TKM,04,18.03439645
2092,TKM,05,24.900154399999998
2093,TKM,06,30.389820199999996
2094,TKM,07,32.133407
2095,TKM,08,29.814702099999998
2096,TKM,09,23.7485842
2097,TKM,10,15.830247550000001
2098,TKM,11,8.3463591
2099,TKM,12,3.4561823699999996
2100,TLS,01,25.33153565
2101,TLS,02,25.089395
2102,TLS,03,25.03812805
2103,TLS,04,24.87349375
2104,TLS,05,24.3604841
2105,TLS,06,23.4729567
2106,TLS,07,22.891551200000002
2107,TLS,08,23.1150746
2108,TLS,09,24.222856450000002
2109,TLS,10,25.5277066
2110,TLS,11,26.294293399999997
2111,TLS,12,25.79483085
2112,TTO,01,25.464497299999998
2113,TTO,02,25.5592255
2114,TTO,03,25.9495025
2115,TTO,04,26.544953650000004
2116,TTO,05,26.90089765
2117,TTO,06,26.5428455
2118,TTO,07,26.51718005
2119,TTO,08,26.847303900000004
2120,TTO,09,27.3077072
2121,TTO,10,27.0107344
2122,TTO,11,26.450432999999997
2123,TTO,12,25.90928225
2124,TUN,01,11.0866739
2125,TUN,02,12.296843475
2126,TUN,03,15.457519350000002
2127,TUN,04,19.1825306
2128,TUN,05,23.23319745
2129,TUN,06,27.6863697
2130,TUN,07,30.5725198
2131,TUN,08,30.1338097
2132,TUN,09,27.020521600000002
2133,TUN,10,22.4008733
2134,TUN,11,16.612339825
2135,TUN,12,12.280650099999999
2136,TUR,01,0.4955397155
2137,TUR,02,2.3692889784999998
2138,TUR,03,5.984651315
2139,TUR,04,10.904034525
2140,TUR,05,15.467357999999999
2141,TUR,06,20.2900814
2142,TUR,07,23.6198011
2143,TUR,08,23.9978093
2144,TUR,09,19.5346914
2145,TUR,10,13.613043999999999
2146,TUR,11,7.378028325
2147,TUR,12,2.7803474385
2148,TZA,01,23.48522175
2149,TZA,02,23.718532099999997
2150,TZA,03,23.47261365
2151,TZA,04,22.8285371
2152,TZA,05,22.4041586
2153,TZA,06,21.51011805
2154,TZA,07,21.1098584
2155,TZA,08,22.07303895
2156,TZA,09,23.3005354
2157,TZA,10,24.3515154
2158,TZA,11,24.31910875
2159,TZA,12,23.73447295
2160,UGA,01,24.4078403
2161,UGA,02,25.089422250000002
2162,UGA,03,24.592146149999998
2163,UGA,04,23.4645183
2164,UGA,05,23.108373649999997
2165,UGA,06,22.8477585
2166,UGA,07,22.5589133
2167,UGA,08,22.525556
2168,UGA,09,22.76235785
2169,UGA,10,23.003226599999998
2170,UGA,11,22.966531449999998
2171,UGA,12,23.5448241
2172,UKR,01,-2.7881655590000003
2173,UKR,02,-1.546330974
2174,UKR,03,3.157354393
2175,UKR,04,10.13829125
2176,UKR,05,15.913958725
2177,UKR,06,20.2341462
2178,UKR,07,21.9574737
2179,UKR,08,21.674424199999997
2180,UKR,09,16.0454742
2181,UKR,10,9.56141703
2182,UKR,11,3.958982055
2183,UKR,12,-0.11923400500000003
2184,URY,01,24.27474295
2185,URY,02,23.46951485
2186,URY,03,21.29557485
2187,URY,04,18.1676324
2188,URY,05,14.251270074999999
2189,URY,06,11.90756715
2190,URY,07,11.340271575
2191,URY,08,12.68210955
2192,URY,09,14.502646924999999
2193,URY,10,17.16516815
2194,URY,11,20.28066295
2195,URY,12,22.552051
2196,USA,01,-2.3701748129999998
2197,USA,02,-0.857049959075
2198,USA,03,3.6961376049999997
2199,USA,04,8.969812684999999
2200,USA,05,14.747169
2201,USA,06,20.114034699999998
2202,USA,07,22.58655745
2203,USA,08,21.466441600000003
2204,USA,09,17.51002225
2205,USA,10,10.64401405
2206,USA,11,3.69149965
2207,USA,12,-0.886181287
2208,UZB,01,-2.0586101793
2209,UZB,02,0.334444489
2210,UZB,03,8.21167353
2211,UZB,04,15.6861391
2212,UZB,05,22.6319982
2213,UZB,06,27.8768554
2214,UZB,07,29.57628295
2215,UZB,08,27.16390335
2216,UZB,09,20.5814132
2217,UZB,10,12.50756745
2218,UZB,11,4.731810375
2219,UZB,12,-0.5722439462000001
2220,VCT,01,25.67863615
2221,VCT,02,25.505505399999997
2222,VCT,03,25.65442655
2223,VCT,04,26.14741505
2224,VCT,05,26.7743852
2225,VCT,06,26.937611399999998
2226,VCT,07,26.92850945
2227,VCT,08,27.19680485
2228,VCT,09,27.60407725
2229,VCT,10,27.421826199999998
2230,VCT,11,26.89050905
2231,VCT,12,26.3666915
2232,VEN,01,25.6218906
2233,VEN,02,26.184371
2234,VEN,03,26.60928825
2235,VEN,04,26.4774641
2236,VEN,05,25.85128955
2237,VEN,06,25.17399315
2238,VEN,07,24.9830748
2239,VEN,08,25.3399149
2240,VEN,09,25.8621123
2241,VEN,10,25.907187800000003
2242,VEN,11,25.719848849999998
2243,VEN,12,25.58044915
2244,VIR,01,25.34875345
2245,VIR,02,25.06605215
2246,VIR,03,25.13753195
2247,VIR,04,25.6893096
2248,VIR,05,26.491767850000002
2249,VIR,06,27.243861449999997
2250,VIR,07,27.42313845
2251,VIR,08,27.679128900000002
2252,VIR,09,27.764721650000002
2253,VIR,10,27.53598635
2254,VIR,11,26.827715949999998
2255,VIR,12,26.034074500000003
2256,VNM,01,19.47309075
2257,VNM,02,20.99164435
2258,VNM,03,23.1851461
2259,VNM,04,25.3827341
2260,VNM,05,26.726575150000002
2261,VNM,06,27.22174175
2262,VNM,07,26.751205600000002
2263,VNM,08,26.518269800000002
2264,VNM,09,25.8457809
2265,VNM,10,24.4241309
2266,VNM,11,22.7980327
2267,VNM,12,20.1256323
2268,VUT,01,26.21713435
2269,VUT,02,26.40956915
2270,VUT,03,26.2442122
2271,VUT,04,25.8971115
2272,VUT,05,25.101180399999997
2273,VUT,06,24.497531000000002
2274,VUT,07,23.8378896
2275,VUT,08,23.63903365
2276,VUT,09,24.05188105
2277,VUT,10,24.557522
2278,VUT,11,25.21092145
2279,VUT,12,25.86038885
2280,WSM,01,25.703297299999996
2281,WSM,02,25.6777133
2282,WSM,03,25.84580465
2283,WSM,04,25.870591150000003
2284,WSM,05,25.6303965
2285,WSM,06,25.27315685
2286,WSM,07,24.8276616
2287,WSM,08,24.6975342
2288,WSM,09,24.87151115
2289,WSM,10,25.10600225
2290,WSM,11,25.3875825
2291,WSM,12,25.52019735
2292,YEM,01,19.41573865
2293,YEM,02,21.3930189
2294,YEM,03,24.392002350000002
2295,YEM,04,27.0842539
2296,YEM,05,29.454951549999997
2297,YEM,06,31.203585750000002
2298,YEM,07,31.19062985
2299,YEM,08,30.5923323
2300,YEM,09,29.4164452
2301,YEM,10,25.788383099999997
2302,YEM,11,22.82284895
2303,YEM,12,19.711804649999998
2304,ZAF,01,23.52388015
2305,ZAF,02,23.11554005
2306,ZAF,03,21.4275807
2307,ZAF,04,17.86611945
2308,ZAF,05,14.842203825000002
2309,ZAF,06,11.681371875
2310,ZAF,07,11.37960245
2311,ZAF,08,13.523087275
2312,ZAF,09,17.01027235
2313,ZAF,10,19.54891365
2314,ZAF,11,21.12034735
2315,ZAF,12,22.692159
2316,ZMB,01,22.326610449999997
2317,ZMB,02,22.5586974
2318,ZMB,03,22.3803587
2319,ZMB,04,21.74996285
2320,ZMB,05,20.51225775
2321,ZMB,06,18.55960335
2322,ZMB,07,18.229512800000002
2323,ZMB,08,21.0001803
2324,ZMB,09,24.41804185
2325,ZMB,10,26.2947221
2326,ZMB,11,24.8095436
2327,ZMB,12,23.07344355
2328,ZWE,01,23.71368125
2329,ZWE,02,23.81283525
2330,ZWE,03,23.1879703
2331,ZWE,04,21.360841349999998
2332,ZWE,05,19.05775155
2333,ZWE,06,16.83047535
2334,ZWE,07,16.4219381
2335,ZWE,08,19.334539850000002
2336,ZWE,09,22.87009425
2337,ZWE,10,25.091547549999998
2338,ZWE,11,25.2639671
2339,ZWE,12,24.45926245
